product,quantatiy,quality,solution
silicon,around 200kgs,1st,"computer peripheral-around 223, electronic chips- around 344, ceramics scarp- around- 782"
silicon,around 50kgs,1st,"computer peripheral-around 424, electronic chips- around 744, ceramics scarp- around- 882"
silicon,around 70kgs,1st,"computer peripheral-around 624, electronic chips- around 784, ceramics scarp- around- 892"
silicon,around 100kgs,2nd,"computer peripheral-around 624, electronic chips- around 726, ceramics scarp- around- 992"
silicon,around 50kgs,1st,"computer peripheral-around 223, electronic chips- around 344, ceramics scarp- around- 782"
silicon,around 200kgs,1st,"computer peripheral-around 424, electronic chips- around 744, ceramics scarp- around- 882"
silicon,around 50kgs,1st,"computer peripheral-around 624, electronic chips- around 784, ceramics scarp- around- 892"
silicon,around 70kgs,1st,"computer peripheral-around 624, electronic chips- around 726, ceramics scarp- around- 992"
silicon,around 100kgs,2nd,"computer peripheral-around 223, electronic chips- around 344, ceramics scarp- around- 782"
silicon,around 50kgs,2nd,"computer peripheral-around 424, electronic chips- around 744, ceramics scarp- around- 882"
silicon,around 200kgs,1st,"computer peripheral-around 624, electronic chips- around 784, ceramics scarp- around- 892"
silicon,around 50kgs,1st,"computer peripheral-around 624, electronic chips- around 726, ceramics scarp- around- 992"
silicon,around 70kgs,1st,"computer peripheral-around 223, electronic chips- around 344, ceramics scarp- around- 782"
silicon,around 100kgs,1st,"computer peripheral-around 424, electronic chips- around 744, ceramics scarp- around- 882"
silicon,around 100kgs,2nd,"computer peripheral-around 624, electronic chips- around 784, ceramics scarp- around- 892"
silicon,around 100kgs,2nd,"computer peripheral-around 624, electronic chips- around 726, ceramics scarp- around- 992"
silicon,around 70kgs,1st,"computer peripheral-around 624, electronic chips- around 784, ceramics scarp- around- 892"
silicon,around 100kgs,2nd,"computer peripheral-around 624, electronic chips- around 726, ceramics scarp- around- 992"
silicon,around 50kgs,1st,"computer peripheral-around 223, electronic chips- around 344, ceramics scarp- around- 782"
silicon,around 200kgs,1st,"computer peripheral-around 424, electronic chips- around 744, ceramics scarp- around- 882"
silicon,around 50kgs,1st,"computer peripheral-around 624, electronic chips- around 784, ceramics scarp- around- 892"
silicon,around 70kgs,1st,"computer peripheral-around 624, electronic chips- around 726, ceramics scarp- around- 992"
silicon,around 100kgs,2nd,"computer peripheral-around 223, electronic chips- around 344, ceramics scarp- around- 782"
silicon,around 50kgs,2nd,"computer peripheral-around 424, electronic chips- around 744, ceramics scarp- around- 882"
silicon,around 200kgs,1st,"computer peripheral-around 624, electronic chips- around 784, ceramics scarp- around- 892"
silicon,around 50kgs,1st,"computer peripheral-around 624, electronic chips- around 726, ceramics scarp- around- 992"
silicon,around 70kgs,1st,"computer peripheral-around 223, electronic chips- around 344, ceramics scarp- around- 782"
silicon,around 100kgs,1st,"computer peripheral-around 424, electronic chips- around 744, ceramics scarp- around- 882"
silicon,around 50kgs,1st,"computer peripheral-around 624, electronic chips- around 726, ceramics scarp- around- 992"
silicon,around 70kgs,1st,"computer peripheral-around 223, electronic chips- around 344, ceramics scarp- around- 782"
silicon,around 100kgs,1st,"computer peripheral-around 424, electronic chips- around 744, ceramics scarp- around- 882"
silicon,around 100kgs,2nd,"computer peripheral-around 624, electronic chips- around 784, ceramics scarp- around- 892"
silicon,around 100kgs,2nd,"computer peripheral-around 624, electronic chips- around 726, ceramics scarp- around- 992"
silicon,around 70kgs,1st,"computer peripheral-around 624, electronic chips- around 784, ceramics scarp- around- 892"
silicon,around 100kgs,2nd,"computer peripheral-around 624, electronic chips- around 726, ceramics scarp- around- 992"
silicon,around 50kgs,1st,"computer peripheral-around 223, electronic chips- around 344, ceramics scarp- around- 782"
silicon,around 200kgs,1st,"computer peripheral-around 424, electronic chips- around 744, ceramics scarp- around- 882"
silicon,around 50kgs,1st,"computer peripheral-around 624, electronic chips- around 784, ceramics scarp- around- 892"
silicon,around 70kgs,1st,"computer peripheral-around 624, electronic chips- around 726, ceramics scarp- around- 992"
silicon,around 100kgs,2nd,"computer peripheral-around 223, electronic chips- around 344, ceramics scarp- around- 782"
silicon,around 200kgs,1st,"computer peripheral-around 424, electronic chips- around 744, ceramics scarp- around- 882"
silicon,around 50kgs,1st,"computer peripheral-around 624, electronic chips- around 784, ceramics scarp- around- 892"
silicon,around 70kgs,1st,"computer peripheral-around 624, electronic chips- around 726, ceramics scarp- around- 992"
silicon,around 100kgs,2nd,"computer peripheral-around 223, electronic chips- around 344, ceramics scarp- around- 782"
silicon,around 50kgs,2nd,"computer peripheral-around 424, electronic chips- around 744, ceramics scarp- around- 882"
silicon,around 20kgs,1st,"computer peripheral-around 624, electronic chips- around 784, ceramics scarp- around- 892"
silicon,around 50kgs,1st,"computer peripheral-around 624, electronic chips- around 726, ceramics scarp- around- 992"
silicon,around 70kgs,1st,"computer peripheral-around 223, electronic chips- around 344, ceramics scarp- around- 782"
silicon,around 100kgs,1st,"computer peripheral-around 424, electronic chips- around 744, ceramics scarp- around- 882"
silicon,around 100kgs,2nd,"computer peripheral-around 624, electronic chips- around 784, ceramics scarp- around- 892"
silicon,around 100kgs,2nd,"computer peripheral-around 624, electronic chips- around 726, ceramics scarp- around- 992"
silicon,around 70kgs,1st,"computer peripheral-around 624, electronic chips- around 784, ceramics scarp- around- 892"
silicon,around 100kgs,2nd,"computer peripheral-around 624, electronic chips- around 726, ceramics scarp- around- 992"
silicon,around 50kgs,1st,"computer peripheral-around 223, electronic chips- around 344, ceramics scarp- around- 782"
silicon,around 200kgs,1st,"computer peripheral-around 424, electronic chips- around 744, ceramics scarp- around- 882"
silicon,around 50kgs,1st,"computer peripheral-around 624, electronic chips- around 784, ceramics scarp- around- 892"
silicon,around 70kgs,1st,"computer peripheral-around 624, electronic chips- around 726, ceramics scarp- around- 992"
silicon,around 100kgs,2nd,"computer peripheral-around 223, electronic chips- around 344, ceramics scarp- around- 782"
silicon,around 50kgs,2nd,"computer peripheral-around 424, electronic chips- around 744, ceramics scarp- around- 882"
silicon,around 200kgs,1st,"computer peripheral-around 624, electronic chips- around 784, ceramics scarp- around- 892"
silicon,around 50kgs,1st,"computer peripheral-around 624, electronic chips- around 726, ceramics scarp- around- 992"
silicon,around 70kgs,1st,"computer peripheral-around 223, electronic chips- around 344, ceramics scarp- around- 782"
silicon,around 100kgs,1st,"computer peripheral-around 424, electronic chips- around 744, ceramics scarp- around- 882"
silicon,around 50kgs,1st,"computer peripheral-around 624, electronic chips- around 726, ceramics scarp- around- 992"
silicon,around 70kgs,1st,"computer peripheral-around 223, electronic chips- around 344, ceramics scarp- around- 782"
silicon,around 100kgs,1st,"computer peripheral-around 424, electronic chips- around 744, ceramics scarp- around- 882"
silicon,around 100kgs,2nd,"computer peripheral-around 624, electronic chips- around 784, ceramics scarp- around- 892"
silicon,around 100kgs,2nd,"computer peripheral-around 624, electronic chips- around 726, ceramics scarp- around- 992"
silicon,around 70kgs,1st,"computer peripheral-around 624, electronic chips- around 784, ceramics scarp- around- 892"
silicon,around 100kgs,2nd,"computer peripheral-around 624, electronic chips- around 726, ceramics scarp- around- 992"
silicon,around 50kgs,1st,"computer peripheral-around 223, electronic chips- around 344, ceramics scarp- around- 782"
silicon,around 200kgs,1st,"computer peripheral-around 424, electronic chips- around 744, ceramics scarp- around- 882"
silicon,around 50kgs,1st,"computer peripheral-around 624, electronic chips- around 784, ceramics scarp- around- 892"
silicon,around 70kgs,1st,"computer peripheral-around 624, electronic chips- around 726, ceramics scarp- around- 992"
silicon,around 100kgs,2nd,"computer peripheral-around 223, electronic chips- around 344, ceramics scarp- around- 782"
silicon,around 50kgs,2nd,"computer peripheral-around 424, electronic chips- around 744, ceramics scarp- around- 882"
silicon,around 200kgs,1st,"computer peripheral-around 624, electronic chips- around 784, ceramics scarp- around- 892"
silicon,around 50kgs,1st,"computer peripheral-around 624, electronic chips- around 726, ceramics scarp- around- 992"
silicon,around 70kgs,1st,"computer peripheral-around 223, electronic chips- around 344, ceramics scarp- around- 782"
silicon,around 100kgs,1st,"computer peripheral-around 424, electronic chips- around 744, ceramics scarp- around- 882"
silicon,around 50kgs,1st,"computer peripheral-around 624, electronic chips- around 726, ceramics scarp- around- 992"
